City_ID,City,Lat,Lng,Max Temp,Humidity,Cloudiness,Wind Speed,Country,Date
0,papatowai,-46.5619,169.4708,28.233999999999998,83,88,8.5,NZ,1720326580
1,fort bragg,35.139,-79.006,29.937,92,20,3.6,US,1720326582
2,tolanaro,-25.0319,46.9987,29.319,83,40,4.12,MG,1720326584
3,sitka,57.0531,-135.33,28.708999999999996,77,40,6.17,US,1720326586
4,yellowknife,62.456,-114.3525,29.144,52,40,2.57,CA,1720326587
5,nadi,-17.8,177.4167,30.014999999999997,57,40,6.69,FJ,1720326561
6,port elizabeth,-33.918,25.5701,29.154000000000003,24,0,5.14,ZA,1720326590
7,port-aux-francais,-49.35,70.2167,27.435000000000002,74,94,13.68,TF,1720326592
8,suomussalmi,64.8869,28.9078,28.552,80,77,4.39,FI,1720326593
9,adamstown,-25.066,-130.1015,29.316000000000003,69,100,9.84,PN,1720326595
10,sibi,29.5448,67.8764,30.918,44,1,3.89,PK,1720326596
11,bredasdorp,-34.5322,20.0403,28.296,82,49,4.52,ZA,1720326597
12,kyzyl-kyya,40.2568,72.1279,29.955000000000002,34,100,3.29,KG,1720326601
13,gereida,11.2811,25.1414,29.723000000000003,79,90,4.26,SD,1720326602
14,grytviken,-54.2811,-36.5092,26.933999999999997,67,3,3.13,GS,1720326604
15,hawaiian paradise park,19.5933,-154.9731,29.887999999999998,73,100,4.12,US,1720326605
16,waitangi,-43.9535,-176.5597,28.137999999999998,84,91,5.36,NZ,1720326607
17,esens,53.6487,7.6127,28.645,91,20,7.47,DE,1720326608
18,orapa,-21.2833,25.3667,28.112000000000002,13,0,2.47,BW,1720326609
19,edinburgh of the seven seas,-37.0676,-12.3116,28.49,86,100,18.84,SH,1720326611
20,rawson,-43.3002,-65.1023,27.635,71,54,1.54,AR,1720326612
21,bhim tal,29.35,79.5667,28.875999999999998,97,100,2.29,IN,1720326614
22,mao,39.8885,4.2658,29.445999999999998,83,20,6.17,ES,1720326615
23,queenstown,-31.8976,26.8753,28.014999999999997,20,93,4.16,ZA,1720326617
24,uturoa,-16.7333,-151.4333,29.958999999999996,78,3,8.71,PF,1720326618
25,afaahiti,-17.75,-149.2833,29.907999999999998,80,53,8.97,PF,1720326619
26,huarmey,-10.0681,-78.1522,29.147000000000002,89,47,5.2,PE,1720326621
27,north bend,43.4065,-124.2243,29.157,67,0,7.72,US,1720326622
28,tacna,-18.0056,-70.2483,28.665,82,75,1.03,PE,1720326624
29,ta`u,-14.2336,-169.5144,30.088,74,61,2.64,AS,1720326757
30,east london,-33.0153,27.9116,29.067,23,0,3.6,ZA,1720326759
31,lihue,21.9789,-159.3672,29.992,71,0,5.66,US,1720326760
32,albertina,-22.2008,-46.6158,28.71,61,2,2.51,BR,1720326762
33,bethel,41.3712,-73.414,29.784,94,0,1.54,US,1720326763
34,tofol,5.3248,163.0078,30.302999999999997,74,75,3.09,FM,1720326764
35,anadyr,64.75,177.4833,29.043,67,75,6.0,RU,1720326766
36,kalix,65.853,23.1565,28.669999999999998,86,40,7.42,SE,1720326767
37,invercargill,-46.4,168.35,28.26,90,86,4.47,NZ,1720326557
38,yasnyy,51.0333,59.8742,29.564,63,45,6.11,RU,1720326770
39,balod,20.73,81.2047,30.383999999999997,63,100,4.84,IN,1720326771
40,ixtapa,20.7,-105.2,30.105,78,75,1.54,MX,1720326773
41,constantia,44.1833,28.65,29.576,56,4,6.55,RO,1720326774
42,wailua homesteads,22.0669,-159.378,29.958999999999996,74,0,5.66,US,1720326776
43,avarua,-21.2078,-159.775,29.918,89,75,3.6,CK,1720326684
44,minas de marcona,-15.2119,-75.1103,28.395999999999997,92,62,5.23,PE,1720326778
45,huilong,31.8111,121.655,30.802,56,49,2.49,CN,1720326780
46,camp verde,34.5636,-111.8543,30.639,19,0,2.05,US,1720326781
47,puerto ayora,-0.7393,-90.3518,29.345999999999997,96,49,3.49,EC,1720326783
48,st. john's,47.5649,-52.7093,28.925,87,100,9.26,CA,1720326605
49,atafu village,-8.5421,-172.5159,30.141000000000002,73,61,2.19,TK,1720326785
50,ust-nera,64.5667,143.2,28.127999999999997,95,100,2.13,RU,1720326788
51,mehran,33.1222,46.1646,31.137,12,1,9.05,IR,1720326790
52,tazovsky,67.4667,78.7,28.548000000000002,65,11,7.08,RU,1720326791
53,thompson,55.7435,-97.8558,29.324,73,100,2.06,CA,1720326680
54,tiksi,71.6872,128.8694,27.836000000000002,73,37,3.34,RU,1720326794
55,petropavlovsk-kamchatsky,53.0452,158.6483,28.948,67,0,7.0,RU,1720326618
56,aykhal,66.0,111.5,29.511000000000003,62,85,7.9,RU,1720326798
57,saipan,15.1355,145.701,30.554000000000002,70,20,6.17,MP,1720326799
58,hithadhoo,-0.6,73.0833,30.185000000000002,72,100,4.1,MV,1720326800
59,yuzhno-kurilsk,44.0306,145.8556,28.773000000000003,98,100,3.53,RU,1720326802
60,brisas de zicatela,15.8369,-97.0419,30.03,84,58,2.72,MX,1720326803
61,vel'sk,61.0701,42.0983,29.192,53,2,3.28,RU,1720326804
62,laurel,39.0993,-76.8483,30.298000000000002,69,75,2.57,US,1720326806
63,isafjordur,66.0755,-23.124,28.022000000000002,66,42,0.74,IS,1720326807
64,hermanus,-34.4187,19.2345,28.415,78,61,11.35,ZA,1720326809
65,zag,46.9441,99.165,29.806,22,92,4.21,MN,1720326810
66,saldanha,-33.0117,17.9442,28.518,81,59,14.61,ZA,1720326811
67,yarmouth,41.7057,-70.2286,29.701999999999998,96,100,6.17,US,1720326673
68,moree,-29.4667,149.85,29.325,37,33,3.46,AU,1720326814
69,griffith,41.5284,-87.4237,29.423000000000002,77,40,0.0,US,1720326816
70,leava,-14.3,-178.1667,30.029000000000003,74,10,7.43,WF,1720326817
71,olonkinbyen,70.9221,-8.7187,27.479000000000003,86,44,4.42,SJ,1720326818
72,as samawah,31.332,45.2944,31.014999999999997,16,3,6.82,IQ,1720326820
73,guiuan,11.0333,125.7247,30.262,74,62,3.12,PH,1720326821
74,orlov,58.5395,48.8917,29.233999999999998,52,8,5.32,RU,1720326823
75,akcakale,36.7111,38.9475,30.377999999999997,34,0,4.95,TR,1720326824
76,dolores,-36.3132,-57.6792,27.526,68,77,3.12,AR,1720326826
77,keflavik,64.0049,-22.5624,28.310000000000002,76,0,4.63,IS,1720326827
78,okhotsk,59.3833,143.3,28.701999999999998,76,33,3.87,RU,1720326829
79,saudarkrokur,65.7461,-19.6394,27.737000000000002,86,81,1.14,IS,1720326830
80,port lincoln,-34.7333,135.8667,28.627999999999997,86,89,6.85,AU,1720326832
81,shingu,33.7333,135.9833,30.752999999999997,48,70,2.12,JP,1720326833
82,tual,-5.6667,132.75,29.961000000000002,85,100,7.05,ID,1720326834
83,longboat key,27.4125,-82.659,30.26,76,0,0.0,US,1720326836
84,west island,-12.1568,96.8225,30.314,74,40,5.66,CC,1720326837
85,haiku-pauwela,20.9219,-156.3051,29.843,70,0,7.72,US,1720326839
86,jamestown,42.097,-79.2353,29.244,94,75,3.09,US,1720326607
87,meadow lake,34.8014,-106.5436,29.938,16,0,2.37,US,1720326842
88,qaqortoq,60.7167,-46.0333,27.655,99,100,0.82,GL,1720326843
89,alofi,-19.0595,-169.9187,29.608999999999998,83,100,7.2,NU,1720326845
90,gadzhiyevo,69.2551,33.3362,28.744999999999997,71,81,10.33,RU,1720326847
91,puerto natales,-51.7236,-72.4875,27.281,96,98,0.98,CL,1720326848
92,vila franca do campo,37.7167,-25.4333,29.338,99,32,2.13,PT,1720326850
93,correntina,-13.3433,-44.6367,29.286,47,74,1.39,BR,1720326852
94,saint-pierre,-21.3393,55.4781,29.458,43,0,4.63,RE,1720326853
95,albany,42.6001,-73.9662,29.588,87,47,1.68,US,1720326855
96,codrington,-38.2667,141.9667,28.894,54,0,4.36,AU,1720326856
97,blackmans bay,-43.0167,147.3167,28.222,73,9,1.42,AU,1720326858
98,altay,47.8667,88.1167,29.642000000000003,46,65,3.02,CN,1720326859
99,daru,-9.0763,143.2092,29.907,81,100,7.68,PG,1720326861
100,sandnessjoen,66.0217,12.6316,28.144,80,39,2.54,NO,1720326863
101,onega,63.9061,38.1404,28.949,66,6,4.98,RU,1720326821
102,guerrero negro,27.9769,-114.0611,29.337,81,0,3.83,MX,1720326866
103,margaret river,-33.95,115.0667,28.891000000000002,65,95,9.69,AU,1720326867
104,longyearbyen,78.2186,15.6401,28.006,53,20,5.66,SJ,1720326871
105,sirvintos,55.05,24.95,29.606,71,87,8.03,LT,1720326872
106,susuman,62.7833,148.1667,28.556,75,98,3.82,RU,1720326874
107,touros,-5.1989,-35.4608,29.669,89,82,3.29,BR,1720326876
108,awjilah,29.1081,21.2869,29.824,46,0,3.93,LY,1720326877
109,los lunas,34.8062,-106.7334,30.086000000000002,16,0,0.89,US,1720326879
110,udachny,66.4167,112.4,29.462,63,97,2.9,RU,1720326880
111,hobyo,5.3505,48.5268,29.951999999999998,67,96,10.77,SO,1720326882
112,lospalos,-8.5186,127.0025,29.905,72,39,6.08,TL,1720326884
113,arteche,12.2645,125.4048,30.338,75,92,2.86,PH,1720326885
114,tughyl,47.7252,84.2063,29.165,67,15,2.09,KZ,1720326887
115,palmeira,-25.4294,-50.0064,28.49,91,83,2.27,BR,1720326888
116,cestos city,5.46,-9.5828,29.794,83,100,4.56,LR,1720326890
117,carnarvon,-24.8667,113.6333,29.157999999999998,87,100,3.12,AU,1720326891
118,torri di quartesolo,45.525,11.6123,29.629,88,32,1.79,IT,1720326893
119,hasaki,35.7333,140.8333,30.942,79,93,4.54,JP,1720326739
120,tabou,4.423,-7.3528,29.717000000000002,87,100,3.79,CI,1720326899
121,lebu,-37.6167,-73.65,28.068,86,5,4.07,CL,1720326900
122,tobelo,1.7284,128.0095,30.194,72,47,2.03,ID,1720326903
123,kayangel,8.0823,134.7173,30.214999999999996,76,46,4.13,PW,1720326904
124,lichinga,-13.3128,35.2406,28.52,94,20,3.6,MZ,1720326906
125,fortuna,40.5982,-124.1573,29.311,78,1,0.11,US,1720326910
126,nyrob,60.733,56.7202,29.717000000000002,47,65,2.44,RU,1720326911
127,tweed heads,-28.1817,153.547,29.381999999999998,68,100,5.14,AU,1720326915
128,ushuaia,-54.8,-68.3,27.195999999999998,80,75,2.06,AR,1720326916
129,port mathurin,-19.6833,63.4167,29.633999999999997,73,73,8.08,MU,1720326918
130,mount pearl,47.5166,-52.7813,28.839999999999996,88,100,9.26,CA,1720326919
131,kiruna,67.8557,20.2251,28.366000000000003,87,100,3.6,SE,1720326923
132,san patricio,28.017,-97.5169,30.254,71,77,3.5,US,1720326927
133,kyelang,32.5833,77.0333,28.697000000000003,45,96,2.39,IN,1720326930
134,polyarnyy,69.1989,33.4478,28.747000000000003,71,80,10.01,RU,1720326855
135,kodiak,57.79,-152.4072,28.788,72,100,2.06,US,1720326933
136,praia da vitoria,38.7333,-27.0667,29.529000000000003,88,20,3.68,PT,1720326935
137,konarka,19.9,86.1167,30.537,63,100,3.69,IN,1720326936
138,qamdo,31.1667,97.2333,29.024,38,79,3.25,CN,1720326938
139,sultanah,24.4926,39.5857,30.54,17,0,2.06,SA,1720326848
140,ilulissat,69.2167,-51.1,27.916000000000004,87,100,0.51,GL,1720326941
141,ghadamis,30.1337,9.5007,30.195,18,0,4.16,LY,1720326942
142,bengkulu,-3.8004,102.2655,30.214999999999996,67,82,2.03,ID,1720326412
143,ribeira grande,38.5167,-28.7,29.413999999999998,90,16,1.79,PT,1720326945
144,ulsteinvik,62.3432,5.8487,28.666000000000004,87,100,2.24,NO,1720326947
145,aleksandrov gay,50.147,48.5704,30.589999999999996,30,4,5.03,RU,1720326948
146,riyadh,24.6877,46.7219,30.523000000000003,8,100,5.22,SA,1720326912
147,edd,13.9297,41.6925,30.788,44,71,0.75,ER,1720326951
148,kalmunai,7.4167,81.8167,30.454,58,98,1.45,LK,1720326953
149,talnakh,69.4865,88.3972,29.435000000000002,47,24,7.76,RU,1720326954
150,gualan,15.1333,-89.3667,29.711000000000002,98,100,0.48,GT,1720326956
151,sao vicente,-23.9631,-46.3919,29.425,89,97,2.13,BR,1720326958
152,naze,28.3667,129.4833,30.366000000000003,72,4,3.71,JP,1720326960
153,qui nhon,13.7667,109.2333,30.201,73,79,4.73,VN,1720326707
154,iqaluit,63.7506,-68.5145,27.8,86,75,1.54,CA,1720326779
155,gelemso,8.8167,40.5167,29.18,74,80,3.19,ET,1720326965
156,kourou,5.1552,-52.6478,29.818,91,100,2.89,GF,1720326967
157,colby,39.3958,-101.0524,29.148000000000003,80,0,2.06,US,1720326968
158,badger,64.8,-147.5333,28.329,90,100,5.66,US,1720326970
159,shijiazhuang,38.0414,114.4786,30.307,47,100,1.91,CN,1720326971
160,ilhabela,-23.7781,-45.3581,29.22,90,38,1.36,BR,1720326973
161,boden,65.8252,21.6886,28.657999999999998,78,29,2.94,SE,1720326890
162,el granada,37.5027,-122.4694,29.660000000000004,82,20,8.75,US,1720326976
163,amuntai,-2.4177,115.2494,30.268,72,76,1.18,ID,1720326978
164,weno,7.4515,151.8468,30.212,84,100,3.09,FM,1720326979
165,san pedro del parana,-26.8333,-56.2,28.224,98,96,2.55,PY,1720326981
166,college,64.8569,-147.8028,28.333,89,100,5.66,US,1720326983
167,fedorovskiy,45.0972,40.9517,29.825,62,100,3.23,RU,1720326984
168,kurumkan,54.3,110.3,30.48,39,15,1.68,RU,1720326986
169,quellon,-43.1167,-73.6167,27.948,88,86,2.61,CL,1720326987
170,nellore,14.4333,79.9667,30.497000000000003,50,100,6.51,IN,1720326989
171,bilibino,68.0546,166.4372,28.108999999999998,87,100,1.96,RU,1720326990
172,birsk,55.4211,55.5428,29.716,70,11,1.22,RU,1720326992
173,saurimo,-9.6608,20.3916,28.363999999999997,36,15,2.18,AO,1720326918
174,tafresh,34.692,50.013,29.738,21,72,6.46,IR,1720326995
175,camocim,-2.9022,-40.8411,29.661,92,70,4.19,BR,1720326997
176,saint-philippe,-21.3585,55.7679,29.392000000000003,71,1,2.35,RE,1720326998
177,koumra,8.9126,17.5539,29.585,85,100,0.34,TD,1720327000
178,ancud,-41.8697,-73.8203,27.938,90,75,1.92,CL,1720327001
179,shepetivka,50.1855,27.0637,29.122000000000003,66,54,5.6,UA,1720327003
180,stanley,54.868,-1.6985,28.331,93,0,2.06,GB,1720327004
181,east ballina,-28.8667,153.5833,29.193,71,85,3.99,AU,1720327006
182,tete,-16.1564,33.5867,28.32,81,0,0.0,MZ,1720326871
183,vadso,70.0744,29.7487,28.863999999999997,72,20,4.12,NO,1720327010
184,thunder bay,48.4001,-89.3168,29.014,88,40,0.0,CA,1720327011
185,luderitz,-26.6481,15.1594,28.698,90,77,8.57,NA,1720326880
186,kuala belait,4.5833,114.1833,30.424,63,61,2.85,BN,1720327017
187,bandarbeyla,9.4942,50.8122,30.125,61,33,13.65,SO,1720327019
188,conception bay south,47.4999,-52.9981,28.873,88,100,4.72,CA,1720327020
189,punta arenas,-53.15,-70.9167,27.121,93,75,4.12,CL,1720327022
190,jeju city,33.5097,126.5219,30.411,70,0,5.66,KR,1720326815
191,changleng,28.7,115.8167,30.806,54,11,5.82,CN,1720327025
192,port alfred,-33.5906,26.891,28.872000000000003,30,76,4.89,ZA,1720327027
193,newman,37.3138,-121.0208,30.718,61,0,0.89,US,1720327029
194,veraval,20.9,70.3667,30.261000000000003,80,100,8.36,IN,1720326911
195,oliver,49.1831,-119.5524,30.195,36,0,1.03,CA,1720327032
196,san luis de la loma,17.2706,-100.8939,29.943,84,26,2.4,MX,1720327033
197,buddh gaya,24.7,84.9833,30.508999999999997,74,40,2.06,IN,1720326969
198,san juan,-31.5375,-68.5364,27.819,44,0,3.51,AR,1720326803
199,sept-iles,50.2001,-66.3821,28.929000000000002,89,40,1.54,CA,1720326870
200,massawa,15.6097,39.45,30.776999999999997,49,26,1.78,ER,1720326767
201,gizo,-8.103,156.8419,30.018,80,100,6.49,SB,1720327043
202,mount isa,-20.7333,139.5,30.201999999999998,42,4,5.14,AU,1720326786
203,novo oriente,-5.5344,-40.7742,29.505000000000003,76,53,1.51,BR,1720327046
204,ntcheu,-14.8203,34.6359,28.594,48,0,1.27,MW,1720327047
205,coquimbo,-29.9533,-71.3436,28.4,87,100,1.54,CL,1720326892
206,fernie,49.5,-115.0687,29.426,70,89,2.64,CA,1720327050
207,homer,59.6425,-151.5483,28.608999999999998,79,100,4.12,US,1720327052
208,angaur state,6.906,134.13,30.171,76,53,2.68,PW,1720327054
209,georgetown,5.4112,100.3354,30.412,62,40,1.54,MY,1720327055
210,remire-montjoly,4.9167,-52.2667,29.917,94,100,0.51,GF,1720326874
211,antonio enes,-16.2325,39.9086,29.492,73,2,2.57,MZ,1720326990
212,kiunga,-6.1219,141.2906,29.939,94,100,0.85,PG,1720327060
213,inyonga,-6.7167,32.0667,28.974,56,98,1.74,TZ,1720327061
214,castel goffredo,45.2986,10.4754,29.516000000000002,83,46,2.06,IT,1720326929
215,jiwani,25.05,61.7417,30.320999999999998,79,100,4.6,PK,1720327065
216,nova sintra,14.8667,-24.7167,29.345,86,98,2.33,CV,1720327066
217,imperial,33.0334,-115.4175,31.026999999999997,37,0,5.53,US,1720327068
218,kimbe,-5.5502,150.1429,30.176,71,91,5.28,PG,1720327069
219,luza,60.6308,47.2512,29.214,63,0,2.11,RU,1720327073
220,faya-largeau,17.9257,19.1043,30.470999999999997,24,23,3.44,TD,1720327074
221,bardai,11.65,7.2333,29.607999999999997,86,100,3.99,NG,1720327076
222,dzhalagash,45.0833,64.6667,30.201,39,12,5.37,KZ,1720327078
223,kone,-21.0595,164.8658,29.532,46,15,4.78,NC,1720327079
224,valparaiso,-33.0393,-71.6273,28.267000000000003,70,0,2.57,CL,1720327081
225,iskateley,67.6803,53.1512,28.869,83,99,5.86,RU,1720327082
226,whitehorse,60.7161,-135.0538,29.458,37,20,3.6,CA,1720326794
227,miles city,46.4083,-105.8406,28.969,77,100,3.6,US,1720327086
228,puerto colombia,10.9878,-74.9547,30.119999999999997,80,95,6.93,CO,1720327088
229,parauapebas,-6.0675,-49.9022,29.498,53,18,0.42,BR,1720327091
230,bathsheba,13.2167,-59.5167,30.149,83,20,8.23,BB,1720327092
231,boguchany,58.3814,97.4531,30.555,36,16,1.29,RU,1720327094
232,farafangana,-22.8167,47.8333,29.151,70,2,2.59,MG,1720327095
233,vorkuta,67.5,64.0,29.294999999999998,58,99,4.98,RU,1720326930
234,rio grande,-32.035,-52.0986,28.095999999999997,73,89,2.49,BR,1720327099
235,markovo,57.3206,107.0881,30.444,26,55,1.19,RU,1720327101
236,ust'-ilimsk,58.0006,102.6619,30.546,29,36,2.2,RU,1720327104
237,cockburn town,21.4612,-71.1419,30.122000000000003,88,70,8.46,TC,1720327105
238,malakal,9.5334,31.6605,29.687,83,99,1.84,SS,1720327107
239,imbert,19.7537,-70.8291,29.925,84,100,1.75,DO,1720327108
240,funafuti,-8.5243,179.1942,30.314999999999998,79,75,1.03,TV,1720327110
241,pisco,-13.7,-76.2167,28.918,88,19,4.63,PE,1720327111
242,inongo,-1.95,18.2667,29.355,81,89,1.24,CD,1720327113
243,panaba,21.2833,-88.2667,29.76,94,100,2.17,MX,1720327114
244,mikkeli,61.6886,27.2723,29.121,72,0,4.12,FI,1720327116
245,severo-yeniseyskiy,60.3725,93.0408,29.457,54,77,2.12,RU,1720327117
246,crane,31.3974,-102.3501,29.991000000000003,49,22,5.83,US,1720327119
247,cox's bazar,21.4532,91.9798,30.344,75,100,4.81,BD,1720327120
248,puerto deseado,-47.7503,-65.8938,27.458,78,9,5.48,AR,1720327122
249,prince rupert,54.3161,-130.3201,28.72,88,0,8.75,CA,1720327125
250,rongelap,11.1635,166.8941,30.127999999999997,80,29,7.37,MH,1720327126
251,san antonio de pale,-1.4014,5.6325,29.595999999999997,87,100,6.99,GQ,1720327128
252,tazacorte,28.629,-17.9293,29.369,96,100,6.69,ES,1720327129
253,coahuayana de hidalgo,18.7,-103.6583,29.829,89,19,1.17,MX,1720327131
254,strezhevoy,60.7333,77.5889,29.375999999999998,40,83,4.69,RU,1720327132
255,boende,-0.2167,20.8667,29.518,90,99,1.16,CD,1720327134
256,pumiao,22.75,108.4833,30.537,68,71,4.71,CN,1720327135
257,nagqu,31.5,92.0,29.083999999999996,41,90,5.03,CN,1720327137
258,boleslawiec,51.2642,15.5697,28.948,87,100,2.51,PL,1720327138
259,demyansk,57.643,32.466,29.243000000000002,73,76,4.39,RU,1720327140
260,alice springs,-23.7,133.8833,29.389999999999997,56,63,2.57,AU,1720327141
261,anupgarh,29.1911,73.2086,30.979000000000003,44,88,4.06,IN,1720327143
262,chiang kham,19.5233,100.3,30.741000000000003,63,29,1.52,TH,1720327144
263,barguzin,53.6167,109.6167,30.519,36,24,0.53,RU,1720327146
264,northam,51.0333,-4.2167,28.46,92,100,2.77,GB,1720327147
265,chonchi,-42.6128,-73.8092,27.970999999999997,96,95,0.39,CL,1720327148
266,magadan,59.5667,150.8,28.633999999999997,83,100,3.32,RU,1720327150
267,tandil,-37.3217,-59.1332,27.352999999999998,75,13,3.09,AR,1720327151
268,akjoujt,19.6969,-14.4164,30.107,50,28,4.98,MR,1720327152
269,kapuskasing,49.4169,-82.4331,29.119999999999997,77,0,1.54,CA,1720327154
270,bandon,51.7469,-8.7425,28.292,91,49,1.99,IE,1720327157
271,aasiaat,68.7098,-52.8699,27.625,92,100,0.84,GL,1720327159
272,archangelos,36.2149,28.1149,30.014,42,0,1.91,GR,1720327161
273,fale old settlement,-9.3852,-171.2468,30.166000000000004,72,17,2.77,TK,1720327162
274,mont-dore,-22.2833,166.5833,29.613999999999997,52,58,4.78,NC,1720327164
275,palmer,42.1584,-72.3287,29.788,77,75,2.06,US,1720327165
276,dunedin,-45.8742,170.5036,28.360000000000003,66,98,7.15,NZ,1720327166
277,baie-comeau,49.2168,-68.1489,28.697000000000003,94,75,2.06,CA,1720327168
278,enewetak,11.3474,162.3373,30.2,78,38,6.62,MH,1720327169
279,san felipe,10.3399,-68.7425,29.466,98,68,1.18,VE,1720327170
280,namibe,-15.1961,12.1522,28.917,87,2,2.23,AO,1720327173
281,almeirim,-1.5233,-52.5817,29.672000000000004,86,53,2.06,BR,1720327175
282,ilha de mocambique,-15.0342,40.7358,29.726,64,14,6.12,MZ,1720327177
283,usinsk,65.9939,57.5281,29.785000000000004,56,54,6.91,RU,1720327178
284,ola,59.5833,151.2833,28.605,86,100,3.5,RU,1720327180
285,mbanza kongo,-6.267,14.2401,29.182,79,100,2.49,AO,1720327181
286,rijau,11.103,5.2507,29.637,87,98,2.19,NG,1720327184
287,zmeinogorsk,51.1567,82.195,29.525,71,82,4.41,RU,1720327186
288,simanggang,1.2472,111.4528,29.913999999999998,89,40,1.03,MY,1720327187
289,soio,-6.1349,12.3689,29.466,81,98,2.77,AO,1720327189
290,lingig,8.0389,126.4125,30.299,63,100,2.74,PH,1720327191
291,bafq,31.6128,55.4107,30.848000000000003,11,4,2.7,IR,1720327192
292,kingston,17.997,-76.7936,30.168,89,75,7.2,JM,1720327194
293,upata,8.0086,-62.3989,29.77,95,77,1.39,VE,1720327195
294,castillos,-34.1667,-53.8333,27.580000000000002,85,23,1.29,UY,1720327197
295,uzgen,40.7699,73.3007,29.431,35,99,3.01,KG,1720327199
296,muisne,0.6,-80.0333,29.808999999999997,90,86,2.81,EC,1720327200
297,dwarka,22.2394,68.9678,30.25,80,100,9.12,IN,1720327202
298,mbala,-8.8402,31.3659,28.583,60,60,2.88,ZM,1720327203
299,chibougamau,49.9168,-74.3659,28.494,94,0,0.0,CA,1720327204
300,khandyga,62.6667,135.6,29.172000000000004,47,91,1.88,RU,1720327206
301,suez,29.9737,32.5263,29.826999999999998,71,1,3.13,EG,1720327207
302,fisterra,42.9049,-9.2629,28.316000000000003,76,46,2.89,ES,1720327209
303,ebon,4.582,168.6964,30.214,76,100,6.77,MH,1720327211
304,port hedland,-20.3167,118.5667,29.718,25,5,5.14,AU,1720327214
305,santo augusto,-27.8508,-53.7772,28.127999999999997,98,98,4.06,BR,1720327216
306,elverum,60.8819,11.5623,28.488999999999997,95,95,2.24,NO,1720327217
307,baranovichi,53.1327,26.0139,29.214999999999996,78,39,7.59,BY,1720327219
308,kununurra,-15.7667,128.7333,30.413999999999998,33,56,3.09,AU,1720327220
309,prince albert,53.2001,-105.7677,29.312,64,75,4.12,CA,1720327222
310,mil'kovo,55.6078,37.7956,29.262,62,11,1.54,RU,1720327223
311,plettenberg bay,-34.0527,23.3716,29.095,26,47,5.86,ZA,1720327225
312,sungailiat,-1.85,106.1333,30.088,83,99,3.4,ID,1720327226
313,arvika,59.6553,12.5852,28.549,96,88,3.99,SE,1720327227
314,filadelfia,39.9523,-75.1638,30.212,84,40,1.54,US,1720327228
315,hualien city,23.9769,121.6044,30.617,62,0,4.02,TW,1720327230
316,faaborg,55.0951,10.2423,28.615,78,19,8.73,DK,1720327232
317,santa maria,-29.6842,-53.8069,27.738,87,98,2.97,BR,1720327233
318,berezovyy,51.6667,135.7,28.726999999999997,89,100,2.64,RU,1720327235
319,lazaro cardenas,17.9583,-102.2,29.927,81,24,1.39,MX,1720327236
320,mala vyska,48.6431,31.6366,29.437,53,37,3.65,UA,1720327237
321,bikenibeu village,1.3673,173.1241,30.012999999999998,89,100,3.6,KI,1720327239
322,isiolo,0.3546,37.5822,29.473000000000003,69,79,0.67,KE,1720327240
323,yaren,-0.5472,166.916,30.116000000000003,76,100,3.62,NR,1720327241
324,rockland,41.1668,-74.0496,29.962,91,44,1.35,US,1720327242
325,ust-tsilma,65.441,52.1498,29.089,92,98,3.87,RU,1720327243
326,hadibu,12.65,54.0333,30.03,76,89,10.11,YE,1720327245
327,guixi,28.2886,117.2133,30.99,48,18,4.24,CN,1720327246
328,prainha,-1.8,-53.48,29.631,78,11,0.98,BR,1720327247
329,tidjikja,18.5564,-11.4271,30.389999999999997,42,30,4.11,MR,1720327248
330,tura,25.5198,90.2201,30.327999999999996,72,98,2.15,IN,1720327249
331,arraial do cabo,-22.9661,-42.0278,29.375999999999998,88,0,3.63,BR,1720327251
332,jumla,29.2747,82.1838,28.808999999999997,97,100,0.39,NP,1720327252
333,vilhena,-12.7406,-60.1458,29.439999999999998,50,14,1.51,BR,1720327253
334,laguna,38.421,-121.4238,30.852999999999998,36,0,3.6,US,1720327254
335,utrik,11.2278,169.8474,30.130000000000003,80,100,7.3,MH,1720327256
336,colonia,50.9333,6.95,28.529000000000003,79,12,2.8,DE,1720327257
337,serhetabat,35.2799,62.3438,30.441000000000003,17,0,6.95,TM,1720327258
338,hamilton,39.1834,-84.5333,29.475,86,0,0.89,US,1720327259
339,nar'yan-mar,67.6713,53.087,28.877999999999997,83,100,5.58,RU,1720327260
340,el fasher,13.6279,25.3494,29.924,59,25,5.33,SD,1720327262
341,serang,-6.1149,106.1502,29.954,82,98,1.58,ID,1720327263
342,opuwo,-18.0607,13.84,28.525,49,4,0.72,NA,1720327264
343,lop buri,14.7981,100.654,30.82,50,50,3.09,TH,1720327265
344,mejit,10.2753,170.8646,30.127,80,75,7.52,MH,1720327266
345,el calafate,-50.3408,-72.2768,27.038,79,43,1.33,AR,1720327267
346,borogontsy,62.6683,131.1683,29.514999999999997,42,54,1.68,RU,1720327269
347,nelson bay,-32.7167,152.15,29.037,80,100,0.45,AU,1720327270
348,hunedoara,45.75,22.9,29.306,61,13,0.82,RO,1720327271
349,habo,57.9119,14.0744,28.561,94,20,12.35,SE,1720327272
350,balikpapan,-1.2675,116.8289,29.77,100,40,2.57,ID,1720327274
351,happy valley-goose bay,53.3168,-60.3315,28.631999999999998,62,20,3.09,CA,1720327275
352,maragogi,-9.0122,-35.2225,29.691000000000003,89,26,2.38,BR,1720327276
353,duong dong,10.2167,103.9667,30.514999999999997,74,40,3.6,VN,1720327279
354,gorontalo,0.5412,123.0595,30.106,87,79,2.8,ID,1720327280
355,al mishkhab,31.8042,44.4911,30.621,18,0,5.93,IQ,1720327281
356,flying fish cove,-10.4217,105.6791,29.997000000000003,89,100,5.14,CX,1720327282
357,yarega,63.4354,53.5765,29.32,85,61,3.45,RU,1720327163
358,tottori,35.5,134.2333,30.519,66,75,2.57,JP,1720327284
359,kaduy,59.2,37.15,29.129,63,7,3.03,RU,1720327286
360,smithers,54.7804,-127.1743,29.732999999999997,38,0,3.6,CA,1720327203
361,bel ombre,-4.6167,55.4167,30.006,83,40,1.54,SC,1720327290
362,vila velha,-20.3297,-40.2925,29.512,88,40,3.09,BR,1720327292
363,ashtabula,41.7001,-80.7665,29.246,90,0,0.0,US,1720327293
364,vilyuysk,63.7553,121.6247,29.655,40,100,2.01,RU,1720327294
365,luanda,-8.8368,13.2343,29.615,78,75,1.54,AO,1720327296
366,namrup,27.1833,95.3333,30.01,84,100,1.34,IN,1720327297
367,lhokseumawe,5.1801,97.1507,30.276,69,91,4.02,ID,1720327298
368,sharm el-sheikh,27.8518,34.305,30.223000000000003,61,0,5.14,EG,1720327300
369,santa cruz,-17.8,-63.1667,28.985000000000003,39,75,3.6,BO,1720327301
370,youkounkoun,12.5333,-13.1333,29.695,96,100,1.92,GN,1720327303
371,lubao,14.9167,120.55,30.619,73,99,1.49,PH,1720327304
372,st ives,50.2086,-5.4875,28.514999999999997,82,94,6.72,GB,1720327305
373,gebeit,21.0667,36.3167,30.587,26,100,1.23,SD,1720327306
374,pacocha,-17.5833,-71.3333,28.851999999999997,88,79,0.66,PE,1720327308
375,calama,-22.4667,-68.9333,27.542,35,0,3.09,CL,1720327309
376,salalah,17.0151,54.0924,30.02,94,100,1.03,OM,1720327310
377,amahai,-3.3333,128.9167,29.926,85,91,2.59,ID,1720327312
378,thinadhoo,0.5333,72.9333,30.176,72,84,3.21,MV,1720327313
379,fortaleza,-3.7227,-38.5247,29.938,89,75,2.57,BR,1720327314
380,dudinka,69.4058,86.1778,29.360000000000003,47,23,10.0,RU,1720327315
381,mahibadhoo,3.7833,72.9667,30.169,72,99,3.08,MV,1720327317
382,kavieng,-2.5744,150.7967,30.135,78,98,6.75,PG,1720327318
383,promyshlennaya,54.9159,85.6385,29.768,72,98,1.66,RU,1720327319
384,la passe,45.5549,-0.8967,28.327999999999996,65,78,1.36,FR,1720327321
385,cordoba,-31.4135,-64.1811,27.689999999999998,50,0,2.57,AR,1720327151
386,sao joao da barra,-21.6403,-41.0511,29.256,92,5,2.59,BR,1720327323
387,howrah,22.5892,88.3103,30.514999999999997,79,40,3.09,IN,1720327324
388,nguigmi,14.2495,13.1092,30.130000000000003,66,82,5.21,NE,1720327326
389,chandler,33.3062,-111.8412,31.352999999999998,20,0,2.57,US,1720327105
390,muscat,23.6139,58.5922,31.116000000000003,28,100,2.46,OM,1720327331
391,sorong,-0.8833,131.25,30.112000000000002,74,74,3.42,ID,1720327332
392,prokudskoye,55.0089,82.4574,29.708,64,20,3.0,RU,1720327333
393,kupino,54.3663,77.2981,29.615,73,66,4.8,RU,1720327335
394,west sayville,40.7279,-73.0976,29.762,95,100,4.12,US,1720327337
395,richards bay,-28.783,32.0377,28.583,51,2,5.11,ZA,1720327338
396,puerto el triunfo,13.2833,-88.55,29.807,93,100,2.15,SV,1720327340
397,punta del este,-34.9667,-54.95,27.756999999999998,93,0,0.0,UY,1720327341
398,lionel town,17.8101,-77.2406,30.208999999999996,90,100,4.96,JM,1720327342
399,warwick,41.7001,-71.4162,29.75,91,100,2.06,US,1720327344
400,urzhar,47.093,81.6294,29.968,36,99,3.0,KZ,1720327346
401,huetamo de nunez,18.5833,-100.8833,29.869,78,23,0.52,MX,1720327348
402,kralendijk,12.15,-68.2667,30.07,87,38,9.66,BQ,1720327349
403,kerikeri,-35.2268,173.9474,28.699,80,46,3.13,NZ,1720327351
404,aars,56.804,9.5144,28.692,86,86,9.29,DK,1720327353
405,ratangarh,28.0833,74.6,30.669,54,91,5.48,IN,1720327355
406,mujiayingzi,42.1167,118.7833,30.014,41,99,4.14,CN,1720327356
407,yabelo,4.8833,38.0833,28.881999999999998,81,98,2.08,ET,1720327357
408,lockhart,28.6194,-81.4426,30.151,79,0,2.06,US,1720327359
409,barrancabermeja,7.0653,-73.8547,29.644,93,92,0.28,CO,1720327361
410,beloyarskiy,63.7119,66.6722,29.625,46,30,1.35,RU,1720327362
411,nyborg,55.3127,10.7896,28.7,80,7,7.82,DK,1720327363
412,ambikapur,23.1167,83.2,30.476999999999997,52,100,3.2,IN,1720327364
413,la ronge,55.1001,-105.2842,29.429000000000002,52,75,2.57,CA,1720327365
414,monrovia,6.3005,-10.7969,29.802,86,100,4.87,LR,1720327088
415,portland,45.5234,-122.6762,30.177999999999997,47,0,0.45,US,1720327075
416,nadym,65.5333,72.5167,28.933999999999997,39,2,6.54,RU,1720327216
417,south hedland,-20.4089,118.5983,29.711000000000002,25,5,5.14,AU,1720327371
418,lutsk,50.7593,25.3424,29.238,73,43,6.62,UA,1720327372
419,cabo san lucas,22.8909,-109.9124,30.176,71,98,3.58,MX,1720327152
420,macea,46.3833,21.3,29.692,59,11,1.6,RO,1720327375
421,mesudiye,40.4625,37.7725,28.911,94,97,2.08,TR,1720327376
422,ghat,24.9647,10.1728,30.189999999999998,25,0,0.58,LY,1720327378
423,palmares do sul,-30.2578,-50.5097,28.331,93,100,3.1,BR,1720327379
424,timimoun,29.2639,0.231,31.036,12,56,2.06,DZ,1720327380
425,sanctuary point,-35.1114,150.629,28.801,73,83,3.48,AU,1720327382
426,ballina,-28.8667,153.5667,29.192,73,88,4.14,AU,1720327383
427,puerto maldonado,-12.6,-69.1833,29.617,77,62,1.13,PE,1720327384
428,fumel,44.4986,0.9651,28.369999999999997,82,89,1.07,FR,1720327385
429,laojunmiao,39.8333,97.7333,29.464999999999996,36,100,4.94,CN,1720327386
430,langepas,61.2544,75.2124,29.222,45,46,5.23,RU,1720327388
431,nema,57.5067,50.5011,29.226,73,89,6.01,RU,1720327390
432,belabo,4.9333,13.3,29.28,100,99,0.93,CM,1720327391
433,turpan,42.9333,89.1667,30.387999999999998,37,43,1.25,CN,1720327392
434,belmonte,-15.8631,-38.8828,29.51,81,10,1.86,BR,1720327394
435,port arthur,38.8,121.2667,30.326999999999998,82,100,1.24,CN,1720327395
436,horta,38.5333,-28.6333,29.372000000000003,89,20,1.79,PT,1720327396
437,axim,4.8699,-2.2405,29.746,91,100,3.55,GH,1720327397
438,parkes,-33.1333,148.1833,28.835,52,100,2.78,AU,1720327398
439,koulikoro,14.0,-7.75,30.006,58,100,2.25,ML,1720327400
440,freeport,40.6576,-73.5832,29.992,90,20,2.57,US,1720327401
441,torghay,49.6339,63.4981,29.820999999999998,51,68,7.52,KZ,1720327402
442,kuching,1.55,110.3333,30.32,64,20,3.6,MY,1720327404
443,buka,40.8108,69.1986,30.599,20,0,2.37,UZ,1720327405
444,santa elena de uairen,4.6167,-61.1333,29.160000000000004,90,89,0.58,VE,1720327406
445,cabedelo,-6.9811,-34.8339,29.752,87,74,3.99,BR,1720327408
446,aghstafa,41.1189,45.4539,30.145,46,76,1.51,AZ,1720327409
447,nyurba,63.2842,118.3319,29.781,45,87,3.16,RU,1720327410
448,bor,56.3567,44.0669,29.311,54,2,2.49,RU,1720327341
449,mili,6.0815,171.735,30.201999999999998,75,81,6.12,MH,1720327412
450,pandan,14.0453,124.1694,30.381999999999998,66,55,3.94,PH,1720327414
451,kanchanaburi,14.6333,99.1,30.335,67,53,1.11,TH,1720327415
452,tadine,-21.55,167.8833,29.293,63,100,8.39,NC,1720327416
453,vorgashor,67.5833,63.95,29.287,58,98,4.93,RU,1720327419
454,pizarro,4.9533,-77.366,29.887,87,97,1.53,CO,1720327420
455,monchegorsk,67.9397,32.8739,28.778,71,21,6.05,RU,1720327421
456,chihuahua,28.5,-106.0,29.661,66,95,3.09,MX,1720327081
457,vera,-29.4593,-60.2126,28.098000000000003,55,99,3.6,AR,1720327425
458,las varillas,-31.8721,-62.7195,27.74,36,26,2.43,AR,1720327427
459,trairi,-3.2778,-39.2689,29.752,86,76,3.35,BR,1720327428
460,shanyang,26.6702,119.2051,30.586000000000002,39,3,3.05,CN,1720327430
461,cannonvale,-20.2833,148.7,29.625,75,49,8.43,AU,1720327431
462,betio village,1.358,172.9211,30.017000000000003,81,100,1.71,KI,1720327432
463,broken hill,-31.95,141.4333,28.387,92,100,10.98,AU,1720327434
464,klyuchi,52.2667,79.1667,29.943,46,64,2.82,RU,1720327435
465,lorengau,-2.0226,147.2712,29.817,94,100,2.81,PG,1720327436
466,port saint john's,-31.6229,29.5448,28.663999999999998,37,67,3.36,ZA,1720327437
467,sarykemer,43.0,71.5,29.986,28,79,6.03,KZ,1720327439
468,nalut,30.3333,10.85,29.818,35,0,4.75,LY,1720327440
469,oberviechtach,49.4667,12.4167,28.744999999999997,99,100,0.9,DE,1720327441
470,benguela,-12.5763,13.4055,29.197000000000003,88,11,0.18,AO,1720327443
471,ziro,27.6333,93.8333,28.856,93,99,1.15,IN,1720327444
472,la'ie,21.6477,-157.9253,30.012999999999998,75,88,3.58,US,1720327445
473,vadamadurai,10.4667,78.0833,30.438,51,100,3.18,IN,1720327446
474,kattivakkam,13.2167,80.3167,30.612000000000002,68,100,5.23,IN,1720327448
475,loango,-4.6719,11.8312,29.595999999999997,88,20,2.06,CG,1720327449
476,takoradi,4.8845,-1.7554,29.725,92,99,3.22,GH,1720327451
477,terra santa,-2.1042,-56.4869,29.866000000000003,74,65,1.39,BR,1720327452
478,lys'va,58.1086,57.8053,29.711000000000002,53,80,1.79,RU,1720327453
479,sainte-marie,-20.8968,55.5496,29.622000000000003,70,0,4.12,RE,1720327456
480,tobruk,32.0836,23.9764,29.785000000000004,73,0,4.02,LY,1720327458
481,carbonear,47.7332,-53.2148,28.912,89,100,4.93,CA,1720327459
482,bac lieu,9.285,105.7244,30.374000000000002,65,99,4.25,VN,1720327461
483,nogliki,51.8333,143.1667,28.622000000000003,87,92,5.15,RU,1720327462
484,carutapera,-1.195,-46.02,29.766000000000002,88,26,2.6,BR,1720327463
485,mahanoro,-19.9,48.8,29.291000000000004,76,1,2.0,MG,1720327464
486,egilsstadir,65.2653,-14.3948,27.839999999999996,84,100,1.78,IS,1720327465
487,hamirpur,25.95,80.15,30.558,62,96,3.04,IN,1720327467
488,dryden,49.7833,-92.7503,29.231,72,0,2.06,CA,1720327468
489,namtsy,62.7161,129.6658,29.662,34,23,2.01,RU,1720327470
490,mahanje,-9.9333,35.3333,28.794999999999998,66,6,0.35,TZ,1720327473
491,bubaque,11.2833,-15.8333,29.991000000000003,82,100,6.49,GW,1720327474
492,norilsk,69.3535,88.2027,29.391000000000002,49,29,6.9,RU,1720327238
493,chumphon,10.3333,98.8333,30.326999999999998,61,96,3.76,TH,1720327477
494,ulanhot,46.0833,122.0833,30.502,41,100,3.3,CN,1720327478
495,noshiro,40.2039,140.0242,29.761000000000003,98,100,7.15,JP,1720327479
496,atherton,53.5237,-2.4935,28.451999999999998,92,100,0.45,GB,1720327481
497,shush,32.1942,48.2436,31.272000000000002,10,7,0.48,IR,1720327482
498,chernyshevsk,52.5243,117.0174,30.531,23,0,3.85,RU,1720327483
499,borzya,50.3833,116.5167,30.481,33,100,2.26,RU,1720327486
500,geraldton,-28.7667,114.6,29.238,82,75,5.14,AU,1720327487
501,sao felix do xingu,-6.6447,-51.995,29.339,55,8,0.71,BR,1720327488
502,acapulco de juarez,16.8634,-99.8901,30.205000000000002,79,20,4.12,MX,1720327490
503,achinsk,56.2694,90.4993,29.804000000000002,65,94,2.08,RU,1720327491
504,vernon,50.2581,-119.2691,29.788999999999998,35,0,0.51,CA,1720327203
505,maraba,-5.3686,-49.1178,29.725,88,0,1.03,BR,1720327493
506,oboyan',51.2098,36.2792,29.208,55,0,4.91,RU,1720327495
507,qulsary,46.9531,54.0198,30.627,31,3,5.62,KZ,1720327496
508,samarinda,-0.5,117.15,29.654000000000003,99,100,1.09,ID,1720327497
509,lompoc,34.6391,-120.4579,29.26,95,100,2.57,US,1720327499
510,kavaratti,10.5669,72.642,30.105,84,93,6.16,IN,1720327500
511,walvis bay,-22.9575,14.5053,28.568,87,0,1.03,NA,1720327501
512,oum hadjer,13.2954,19.6966,29.945,62,100,5.29,TD,1720327502
513,ankazoabo,-22.2833,44.5167,28.921,76,0,1.39,MG,1720327504
514,cururupu,-1.8283,-44.8683,29.589999999999996,95,15,0.5,BR,1720327505
515,puerto del rosario,28.5004,-13.8627,29.401,73,100,8.75,ES,1720327506
516,kuta,-8.7233,115.1723,30.212,79,20,7.2,ID,1720327508
517,tomatlan,19.9333,-105.25,29.817,90,98,1.61,MX,1720327509
518,tsiombe,-25.3,45.4833,29.085,78,0,3.74,MG,1720327511
519,waitara,-38.925,174.25,28.676,82,72,8.45,NZ,1720327512
520,bokoro,12.3807,17.0568,29.839999999999996,69,100,7.26,TD,1720327513
521,umluj,25.0213,37.2685,30.481,57,71,0.85,SA,1720327514
522,hiratacho,35.4333,132.8167,30.616000000000003,66,75,12.86,JP,1720327515
523,delijan,33.9905,50.6838,30.256,16,32,4.33,IR,1720327517
524,enoch,37.7733,-113.0244,29.829,11,0,2.57,US,1720327519
525,san mariano,7.5,126.0,30.189,81,99,0.32,PH,1720327520
526,prince george,53.9166,-122.753,29.483999999999998,52,0,1.03,CA,1720327503
527,zyryanskoye,56.8306,86.6258,29.288999999999998,86,99,4.51,RU,1720327522
528,sittwe,20.15,92.9,30.224,79,90,5.34,MM,1720327525
529,harper,4.375,-7.7169,29.754,84,100,4.53,LR,1720327526
530,nurlat,54.4277,50.8051,29.534,79,51,6.74,RU,1720327528
531,kuqa,41.7278,82.9364,30.125999999999998,22,0,1.1,CN,1720327529
532,sao felipe,-14.8167,-41.3833,29.417,84,91,1.65,BR,1720327530
533,semey,50.4111,80.2275,29.826999999999998,53,0,4.0,KZ,1720327531
534,staunton,38.1496,-79.0717,29.621,82,0,0.0,US,1720327533
535,novodvinsk,64.4165,40.8122,29.000999999999998,60,0,4.16,RU,1720327534
536,eydhafushi,5.1033,73.0708,30.172000000000004,78,100,3.97,MV,1720327535
537,staraya russa,57.9944,31.3608,29.220999999999997,76,84,4.84,RU,1720327537
538,heunghae,36.1125,129.3522,30.474,63,98,4.78,KR,1720327538
539,muro del alcoy,38.7812,-0.4361,29.548000000000002,94,85,1.34,ES,1720327539
540,oujda-angad,34.6805,-1.9076,29.05,48,0,1.03,MA,1720327540
541,antsiranana,-12.2787,49.2917,29.657,60,40,3.09,MG,1720327542
542,kailua-kona,19.6406,-155.9956,29.702999999999996,90,31,2.33,US,1720327543
543,altamira,-3.2033,-52.2064,29.546,72,21,0.42,BR,1720327544
544,lensk,60.7253,114.9278,30.0,26,92,4.51,RU,1720327546
545,ostrach,47.95,9.3833,28.543,88,100,0.82,DE,1720327547
546,piedras negras,28.7,-100.5167,30.262,67,58,8.57,MX,1720327548
547,alotau,-10.3069,150.4462,29.927999999999997,75,88,3.74,PG,1720327550
548,pauini,-7.7136,-66.9764,29.52,98,77,0.94,BR,1720327551
549,retreat,38.8245,-85.8533,29.389,94,23,1.96,US,1720327553
550,bizhbulyak,53.6967,54.2642,29.736,66,0,2.76,RU,1720327554
551,kidatu,-7.6992,36.9572,29.417,75,81,0.79,TZ,1720327378
552,bilmak,47.3624,36.6511,29.767000000000003,46,0,7.7,UA,1720327557
553,trinidad,-14.8333,-64.9,29.282,60,15,1.75,BO,1720327559
554,stupava,48.2747,17.0317,29.470999999999997,70,0,4.12,SK,1720327561
555,viedma,-40.8135,-62.9967,27.625,73,15,2.66,AR,1720327563
556,kikvidze,50.7416,43.0518,29.537,73,4,8.67,RU,1720327564
557,mermoz boabab,14.7065,-17.4758,30.046,89,99,4.41,SN,1720327566
558,kamyzyak,46.11,48.0736,30.613999999999997,33,0,3.0,RU,1720327568
559,ust'-barguzin,53.45,108.9833,29.238999999999997,68,50,2.46,RU,1720327572
560,grantsville,40.5999,-112.4644,29.8,27,16,1.36,US,1720327574
561,bechar,31.6167,-2.2167,30.133,16,0,2.57,DZ,1720327575
562,yanbu,24.0891,38.0637,30.417,79,40,4.12,SA,1720327577
563,primorsk,46.7348,36.3443,29.954,47,0,8.24,UA,1720327578
564,graaff-reinet,-32.2522,24.5308,28.644,26,82,6.39,ZA,1720327580
565,barra de santo antonio,-9.4047,-35.5072,29.575,88,39,4.1,BR,1720327581
566,papao,-17.75,-149.55,29.897000000000002,78,8,9.97,PF,1720327585
567,bosaso,11.2842,49.1816,30.913999999999998,36,0,10.8,SO,1720327587
568,el kala,36.8956,8.4433,29.738,84,87,1.58,DZ,1720327588
569,rampur,28.8167,79.0333,29.743000000000002,97,100,6.31,IN,1720327590
570,uren',57.4552,45.7852,29.323,51,0,3.06,RU,1720327592
571,dzhetygara,52.1908,61.2006,29.586000000000002,65,31,5.91,KZ,1720327594
572,taoudenni,22.6783,-3.9836,30.95,20,32,3.99,ML,1720327595
573,mugia,43.1041,-9.2179,28.310000000000002,76,56,1.44,ES,1720327597
